trip_id,driver_id,avg_stress_score,max_stress_score,conflict_count,stress_event_count,acute_safety_count,layer1_triggers,layer2_triggers,layer3_triggers,layer4_triggers
TRIP_DRV003_01,DRV003,2.845833333333333,100.0,0,3,0,62,62,108,36
TRIP_DRV003_02,DRV003,4.038011695906433,100.0,0,1,2,62,62,111,36
TRIP_DRV003_03,DRV003,1.902028830752803,100.0,0,2,1,61,61,122,36
TRIP_DRV003_04,DRV003,1.5572171651495448,100.0,0,3,0,63,63,120,36
TRIP_DRV003_05,DRV003,3.4976525821596245,100.0,0,1,2,62,62,103,36
